name,cate,desc,dispellable,extendable,stealable
万缕,有害,状态持续期间只可直线移动。状态被剪断时，受到一次「固定伤害」（最大气血的25%）（不受「万毒归心」和「无觉」状态影响）,true,false,false
三昧真火,有害,法防-15%，行动结束时，遭受1次法术伤害（施加者法攻的50%）,true,false,false
专注,其他,上限4层，遭受攻击后移除1层。,false,false,false
中毒,有害,行动结束时，损失10%气血，若每多移动1格，则额外损失5%气血（最多15%）,true,false,false
义,其他,仁不异远，义不辞难。,false,false,false
九仪天尊剑,其他,2格范围内敌方被施加的治疗直接转变为治疗量的50%伤害。
友方拾取：主动攻击「对战中」物攻、暴击率提升20%，若为「侠客」则额外获得主动攻击「对战后」附加1次50%「剑意激荡」（目标（物攻+法攻）的伤害（无法被减免））
敌方拾取：主动攻击「对战中」物攻、暴击率提升20%，遭受伤害提升20%，行动结束时损失自身20%当前气血。,false,false,false
乱神I,有害,伤害-10%,true,false,false
乱神II,有害,伤害-20%,true,false,false
云隐,其他,无法作为目标被选中，主动造成伤害或者承受1次范围伤害后状态消失,false,false,false
人魂,其他,受到致命伤害免除死亡，恢复50%气血和护盾，自身强制切换为「妖魂虞兮」。,false,false,false
仙灵,其他,移动力+1，气血大于等于80%时，无法被敌方选中（主动攻击「对战后」移除）。,false,false,false
仙罪,其他,与「雪芝」「对战中」伤害、免伤-10%（上限3层）。主动绝学都在冷却中时，移动力-1。,false,false,false
仙躯,其他,法术免伤提高20%，代替2格内友方承受法术攻击（遭受攻击「对战后」消失并回复50%气血）,false,false,false
传送,其他,传送效果包含：「传送」、「扰动」、「牵引」,false,false,false
位移,其他,位移效果包含：「击退」、「拉拽」,false,false,false
余蕴幽香,其他,若自身气血低于100%，则对友方使用绝学后同时为自己恢复气血（恢复量为施术者法攻的1倍）,false,false,false
侠义,其他,行动结束前，若携带3层「侠义」状态，则获得再移动4格，并消耗2层。（上限3层，无法驱散）,false,false,false
信步,有益,免疫「移动力降低」,true,false,false
先祖庇佑,其他,若自身气血100%，范围内友方免疫敌方造成的「传送」效果。,false,false,false
光铠,有益,遭受范围绝学攻击时，受到伤害降低20%，并为自身驱散1个「有害状态」（遭受范围绝学攻击后消失）,true,false,false
共影,其他,自身3格内其他友方行动结束时，以自身和该友方中气血百分比高的一方为基准同步双方气血百分比。,false,false,false
共影·玄,其他,遭受攻击时使非攻击目标的其他友方「胧梦婳妖」替自身承受伤害量的50%（承受量不超过自身的最大气血），自身3格内其他友方行动结束时，以自身和该友方中气血百分比高的一方为基准同步双方气血百分比。,false,false,false
内蕴,其他,全属性提升30%,false,false,false
冰之力,其他,攻击携带「迟缓」类状态的目标时，战斗中伤害额外提高20%。,false,false,false
冰劫,其他,主动移动时，若移动距离小于等于1格，行动结束时，将「冰劫」替换为「晕眩」，持续1回合。,false,false,false
冰清,有益,免疫所有有害效果,true,false,false
冰霜,其他,受治疗效果、护盾获得加成降低10%，达到3层时立刻受到1次「固定伤害」（当前气血的20%），并在所在格制造敌方阵营的「霜冻」地形，持续2回合。（触发后移除）
「霜冻」：霜冻内的敌方角色，移动力-1,false,false,false
冲阵,其他,移动力+1，伤害和免伤提高12%（上限2层）,false,false,false
决斗,其他,选择敌方作为目标时只能选中施加者，与施加者「对战中」自身伤害和免伤降低10%,false,false,false
凝冰,有益,伤害提高1%，物理穿透提高1%（上限4层）,false,false,false
刺骨I,有益,暴击率+20%,true,false,false
刺骨II,有益,暴击率+25%,true,false,false
剑意激荡,其他,目标（物攻+法攻）的伤害（无法被减免）,false,false,false
剑气,其他,造成伤害提升24%，遭受伤害降低24%,false,false,false
剑绝,其他,「对战中」物理穿透提升20%，遭受攻击「对战中」发动「先攻」，且「先攻」射程提高1格。受到伤害后获得1层「剑绝」状态（最多叠加3层，达到3层时，主动使用单体伤害绝学造成伤害后降低2层）,false,false,false
剑绝霜狱,其他,周围2格内所有敌人移动力-3，且无法护卫（无法驱散）,false,false,false
劫烬,其他,全属性提升20%,false,false,false
劫焰,其他,来自施加者的伤害提高20%。对施加者的首次攻击会被闪避,false,false,false
劫焰·壹,其他,来自施加者的伤害提高20%。对施加者的首次攻击会被闪避，「无法被选中」效果（「烟雾」地形除外）失效,false,false,false
化形·反啄I,有益,反击射程+1，与远程作战「对战中」物防、法防提升20%,false,false,false
匿鞘,其他,最多储存自身最大气血的100%（不可驱散，必定在2回合内消化储存总量）,false,false,false
厉风狱,有害,无法行动，且在对战中无法进行反击，无法被治疗。状态消失时，受到1次「固定伤害」（当前气血的20%），并驱散自身周围1圈友方2个「有益状态」。,true,false,false
压制,其他,无法进行反击或先攻（不可驱散，遭受攻击「对战后」消失）,true,false,false
号令,其他,自身两格范围内，若有友方主动发起对战，且优先攻击时，伤害提高10%，「啸霜」发起攻击时伤害额外提升30%（1回合限定发动1次）,false,false,false
叹妙摩耶,其他,3格范围内的友方行动结束时，反转1个「有害状态」。,false,false,false
同归,其他,暴击率提高100%，行动结束死亡,false,false,false
启智,其他,遭受单体伤害绝学攻击时气血越高免伤和暴击抗性越高（最高提升20%）（遭受单体伤害绝学后移除）,false,false,false
命杀,其他,免疫「属性类降低」有害状态，主动攻击「对战后」，使目标发生1圈内「扰动」效果。,false,false,false
命蕴,有益,行动结束时，恢复20%气血,true,false,false
嗜虐,其他,回合开始时，损失自身当前10%气血。每损失10%，除气血外全属性提升5%（最多提高20%）,false,false,false
回灵界,其他,法阵内友方免疫「属性降低」类「有害状态」（不可驱散）,false,false,false
回灵阵式,其他,友方落位时触发，对「回灵界」内的所有友方施加1个随机「有益状态」，并恢复最大气血的30%。,false,false,false
固元I,有益,法术免伤+10%,true,false,false
固元II,有益,法术免伤+20%,true,false,false
固元III,有益,法术免伤+25%,true,false,false
圣烨,其他,法防和法术免伤提高20%，代替2格内友方承受法术攻击（遭受法术攻击「对战后」恢复3格内友方气血（物攻的1倍））,false,false,false
圣耀,其他,3格内的敌人行动结束时获得「魂创」状态，并恢复施加者30%最大气血。,false,false,false
圣耀·贰,其他,自身免伤+15%，3格内的敌人行动结束时获得「魂创」状态，驱散施加者1个「有害状态」并恢复施加者30%最大气血。,false,false,false
地火焚狱,其他,若敌人行动结束时，位于施加者3格范围内，驱散2个「有益状态」，并受到1次「固定伤害」（施术者物攻的15%）,false,false,false
堕罪,有害,无法获得「有益状态」，遭受施加者攻击时，法术免伤-10%。,false,false,false
处刑,其他,射程和移动力+1，主动攻击后使目标携带的「有害状态」等级提升1级。,false,false,false
复仇,有益,反击伤害提高30%,true,false,false
天华,其他,伤害、护盾获得加成提升4%（最多叠加6层，达到满层时使用伤害绝学后移除）,false,false,false
天玑印,有益,免疫所有「有害状态」，获得来自施加者触发的天赋效果（不可复制，不可偷取）,true,false,false
天禄印,有益,免疫「固定伤害」，主动移动后在路径上制造「霜冻」地形，持续2回合。
「霜冻」：霜冻内的敌方角色，移动力-1,true,false,false
天魔护铠,其他,免伤提高50%（受到伤害后消失）,false,false,false
天鼓法华,其他,3格范围内的友方行动结束时，获得「迅捷I」状态，持续1回合。
「迅捷I」：移动力+1,false,false,false
失智I,有害,法术免伤-10%,true,false,false
失智II,有害,法术免伤-20%,true,false,false
失智III,有害,法术免伤-25%,true,false,false
如燕,其他,主动攻击「对战中」暴击率提高20%，移动力+1，可跨越障碍（不可驱散）,false,false,false
妖魂,其他,主动攻击，目标无法发动「抵挡致命伤害」效果。自身相邻1格开启「限制区域」：敌方移动力消耗+1（「引导区域」和「限制区域」叠加效果上限为+2）。,false,false,false
威慑,其他,自身反击射程+1，3格范围内所有敌人除气血外全属性降低10%，且具有轻功能力的角色翻越障碍能力失效,false,false,false
孑身,有害,受治疗效果降低30%，不可被其他友方选中（不可驱散）,false,false,false
孤孑,有害,受治疗效果和护盾获得加成降低40%，不可被其他友方选中，行动结束时若自身1格内不存在其他友方则自身所有「有害状态」持续时间+1（不可驱散）,false,false,false
孤绝,其他,回合开始和行动结束时，反转自身2格范围内友方2个「有益状态」为随机「有害状态」。,false,false,false
定身,有害,无法移动，无法护卫,true,false,false
审判,其他,当敌方行动结束时，如果在警戒范围内，则立刻对其1圈范围内所有敌人造成0.4倍物攻伤害，驱散1个「有益状态」（累积触发3次后消失）,false,false,false
审判·贰,其他,当敌方行动结束时，如果在警戒范围内，则立刻对其1圈范围内所有敌人造成0.5倍物攻伤害，反转1个「有益状态」（累积触发3次后消失，每触发1次降低「弥伽诫喻」1回合冷却）,false,false,false
宿魂,其他,携带「执戮」状态时，若受到致命伤害时免除死亡，自身恢复30%气血（每场战斗触发1次）,false,false,false
寄形,其他,与施加者作战，「对战前」被施加者偷取3个随机「有益状态」（不可驱散，触发后消失）,false,false,false
寒岚,其他,使用冰属相绝学攻击时提高10%法穿（使用冰属相绝学后移除）。,false,false,false
寒袭,其他,遭受近战攻击「对战中」物攻提高20%，并发动「先攻」。（「先攻」每回合触发1次）,false,false,false
寒袭·壹,其他,遭受近战攻击「对战中」物攻提高20%，并发动「先攻」,false,false,false
寒袭·贰,其他,遭受攻击「对战后」对目标施加「迟缓I」状态，持续1回合。遭受近战攻击「对战中」物攻提高20%，并发动「先攻」,false,false,false
对决,其他,选择敌方作为目标时只能选中施加者，且与施加者对战时，暴击率、暴击抗性降低20%，行动结束时，若不处于施加者3格范围内，给施加者施加「迅捷I」持续1回合。,false,false,false
寻猎,其他,若队友主动攻击自身2格范围内的敌人，且优先攻击时，则在「对战中」双方交战后，立刻对敌方造成额外一次0.3倍物攻伤害（每回合只能触发1次）,false,false,false
封劲,有害,主动绝学射程-1,true,false,false
封咒,有害,无法使用主动「绝学」,true,false,false
封穴,有害,无法发动「连击」「追击」和「闪避」,true,false,false
封缄,有害,范围绝学的范围-1,true,false,false
封脉,有害,所有被动「绝学」失效,true,false,false
屠戮,其他,无法护卫队友，主动攻击「对战后」造成1次「固定伤害」（物攻的50%）若目标气血低于50%，则本次「固定伤害」翻倍（下一次主动攻击「对战后」触发消耗）,false,false,false
山河图,其他,无法行动，免疫击退、传送、撤退效果。2格范围内其他友方行动结束时驱散1个「有害状态」，并恢复自身30%最大气血。被击破或回合结束时，被传入的友方将回到战场，恢复全部气血并移除所有「有害状态」。,false,false,false
山河图·壹,其他,无法行动，免疫击退、传送、撤退效果。2格范围内其他友方行动结束时驱散2个「有害状态」，并恢复自身30%最大气血。被击破或回合结束时，被传入的友方将回到战场，恢复全部气血并移除所有「有害状态」。,false,false,false
山河图·贰,其他,无法行动，免疫击退、传送、撤退效果。2格范围内其他友方免疫「有害状态」且行动结束时驱散2个「有害状态」，并恢复自身30%最大气血。被击破或回合结束时，被传入的友方将回到战场，恢复全部气血并移除所有「有害状态」，若目标已行动结束则被击破时额外获得再激活。,false,false,false
巨影,其他,主动攻击「对战中」免伤提高15%，且「对战后」恢复自身气血（恢复量为本次伤害的50%）（不可驱散）,false,false,false
幽寂,有害,携带的「有益状态」（仅限满足可驱散）无效,true,false,false
幽煌邪焰,其他,除气血外所有属性提高10%,false,false,false
幽禁,其他,若自身1格内无其他友方，行动力-1。与律「对战中」攻击、免伤降低15%,false,false,false
幽铠,有益,遭受攻击「对战前」夺取目标2个「有益状态」，若夺取数达上限则造成1次「固定伤害」（目标最大气血的10%）（触发后移除）。,true,false,false
幽阙,有害,无法获得治疗（无法驱散）,false,false,false
幽霜,其他,免伤+20%，主动造成伤害后，对目标造成1次「固定伤害」（（物攻+物防）的30%），并施加「迟缓I」状态，持续2回合,false,false,false
幽魂,其他,移动力+1，行动时无视敌方角色阻挡（不可驱散）,false,false,false
庇护,其他,代替相邻2格距离的队友承受攻击，反击射程+1，遭受暴击概率降低20%。,false,false,false
庇护·壹,其他,代替相邻3格距离的队友承受攻击，反击射程+2，遭受暴击概率降低20%。,false,false,false
异心,其他,3格内每有1名其他友方行动结束时携带者受到1次「固定伤害」（当前气血的30%）并获得1个随机「有害状态」（不可驱散）,false,false,false
引灵,其他,选择敌方作为目标时只能选中施加者，主动攻击施加者时伤害降低20%，若本回合没有发起攻击，则被施加1个随机「有害状态」。,false,false,false
归依,其他,行动结束时，使施加者恢复3格内所有施加者友方的气血（恢复量为施加者法攻的0.5倍）并施加1个随机「有益状态」（不可驱散）,false,false,false
影遁,其他,伤害和暴击率提高12%，无法被敌人普通攻击及绝学锁定为目标（遭受1次范围伤害或造成伤害后，或行动结束时，自身2格范围内存在敌人时，该状态消失）,false,false,false
御敌,其他,每层伤害、免伤+15%（上限4层）。,false,false,false
御火,其他,火属相免伤80%，受到攻击后消失。,false,false,false
御魔I,有益,法防+30%,true,false,false
御魔II,有益,法防+35%,true,false,false
循血,其他,自身每携带1个「有益状态」状态，伤害、物理免伤提升5%（最多提升15%）；「对战后」反转自身2个「有害状态」，恢复自身气血（最大气血的30%），并将自身最多2个「有益状态」复制给3格内的其他友方。（每回合只能触发1次）,false,false,false
心剑,其他,物攻、免伤提高10%，自身免疫敌方「限制区域」效果。气血大于等于80%，「追击」转化为「连击」，且伤害提升至0.6倍。,false,false,false
心念,其他,达到2层后消耗并获得「波旬降临」状态，处于「波旬降临」状态时无法获得（上限2层）,false,false,false
心莲,其他,免伤+30%，状态消失时恢复自身气血（恢复量为施术者法攻的0.7倍）受到伤害后消失。,false,false,false
忘时,有害,行动结束时，自身1个初始冷却时间最长的伤害绝学冷却时间+1（不可驱散）,false,false,false
怒意,其他,除气血外全属性提高10%,false,false,false
怒火,有益,物攻提高30%，主动攻击「对战后」自身所有主动绝学冷却时间-1,false,false,false
怯懦,其他,除气血外全属性降低20%，遭受鲜于超主动攻击「对战中」受到伤害提升20%，且无法反击,false,false,false
怵惕,其他,每层物理伤害、暴击率-20%，携带者主动攻击后，叠加1层（上限3层，不可驱散）。,false,false,false
恩念,其他,主动攻击「对战后」自身受到1次「固定伤害」（当前气血的50%）（不可驱散）,false,false,false
惶乱,有害,遭受攻击受到暴击后，获得1个随机「有害状态」，并对施加者施加1个随机「有益状态」（不可驱散）,false,false,false
愈合,有益,「对战后」恢复15%气血,true,false,false
意乱,其他,选择敌方作为目标时只能选中施加者，且与施加者对战时，暴击率降低100%,false,false,false
愤怒,其他,射程+2，除气血外全属性提升20%,false,false,false
慈鹿,其他,不可被敌方选中，3格范围内敌方无法获得气力且主动远程攻击「对战中」伤害和暴击率降低20%，3格范围内友方遭受攻击「对战后」恢复气血（施术者物攻的1.0倍）,false,false,false
慑印,其他,遭受暴击率+15%，自身相邻1格内开启「引导区域」：敌方「陆文生」移动力消耗-1，下回合开始时移除,false,false,false
慑服,其他,行动结束时若处于施加者3格内，反转自身1个「有益状态」并发生1格内「扰动」效果（不可驱散，触发后移除）。,false,false,false
戒严,其他,物理免伤提升20%，反击射程+1，代替2格内友方承受1次物理攻击（「对战后」移除）,false,false,false
战引,其他,选择敌方作为目标时只能选中施加者，主动攻击施加者时伤害降低20%。,false,false,false
执剑,其他,遭受非飞行角色攻击时，「对战前」夺取敌方1个「有益状态」，「对战中」免伤和暴击抗性提高15%,false,false,false
执念,其他,伤害+4%，暴击率+4%（上限4层）,false,false,false
执戮,其他,全属性提高20%，雷伤减免和暗伤减免额外提高30%，主动攻击「对战后」随机对1圈范围内的敌人造成3次「固定伤害」（物攻的30%）。「执戮」存在期间无法获得「绝心」（不可驱散）,false,false,false
护佑,其他,双防+20%，遭受暴击后恢复30%气血,false,false,false
护卫,其他,代替相邻2格距离的队友承受攻击（不可驱散）,false,false,false
护卫·贰,其他,代替相邻3格距离的队友承受攻击（不可驱散）,false,false,false
护巢,其他,代替相邻2格内友方承受物理攻击。遭受攻击「对战中」发动「先攻」且射程+1（遭受攻击「对战后」移除）,false,false,false
护法,其他,法术免伤提高20%，代替2格内友方承受法术攻击（「对战后」消失）,false,false,false
护象,其他,范围内所有友方遭受「固定伤害」减免50% ，且施术者自身免伤额外提高10%（无法驱散）,false,false,false
报怒,其他,移除「空性」状态，伤害+20%，克制攻击加成+15%，移动力+1（不可驱散）,false,false,false
披甲I,有益,物防+20%,true,false,false
披甲II,有益,物防+25%,true,false,false
担因,其他,物理免伤+20%，代替2格内友方承受1次物攻（「对战后」消失）,false,false,false
拉弓,其他,下一次普攻必定发动连击（0.3倍伤害，触发后消失）,false,false,false
拢烟,其他,主动攻击每命中1个敌人给施加者回复1点气力（最多3点，不可驱散）,false,false,false
持旗,其它,相邻1格内开启「限制区域」：敌方移动 力消耗+1。主动攻击前驱散敌方1个「有益状态」，并施加「燃烧」状态，持续2 回合。,false,false,false
振翎,其他,射程+1，物攻和暴击率提高12%（上限2层，主动攻击后全部消耗）,false,false,false
挽弓,其他,伤害提高20%，射程+1（不可驱散，主动使用伤害绝学后消耗）,false,false,false
探敌,其他,移动力+1，主动攻击造成伤害时为施加者增加1层「御敌」状态，持续1回合，且施加者立刻触发1次天赋的「御敌」效果（每回合最多触发1次）。,false,false,false
控潮,其他,若自身处于我方「霜冻」地形上，敌方行动结束时，若处于露葵3格范围内，对其目标位置触发1次天赋伤害和地形（每回合触发1次）,false,false,false
携酒游,其他,主动移动后在路径上制造「酒池」地形，持续2回合。
「酒池」：友方处于地形上时，遭受暴击伤害-10%，行动结束时，恢复气血（最大气血的20%），驱散1个「有害状态」。酒池内的友方角色不消耗「酒」状态。,false,false,false
撕裂,有害,行动结束时，遭受1次伤害（施加者物攻的70%，上限7层，期间受到施加者的攻击伤害，可叠加1层，无法扩散）,true,false,false
撤退,其他,离开战场，不触发死亡相关逻辑。,false,false,false
收买,有害,景乐齐遭受攻击时替其承受伤害量的50%（承受量不超过景乐齐的最大气血）。
携带者行动结束时，对5格范围内的敌方施加1层「酒」状态。,false,false,false
斗战,其他,斗破贪嗔痴慢疑，战退烦恼妄执迷,false,false,false
断刺I,有害,暴击率-20%,true,false,false
断刺II,有害,暴击率-25%,true,false,false
断步I,有害,移动力上限变为4（不可驱散）,false,false,false
断步II,有害,移动力上限变为3（不可驱散）,false,false,false
断筋,有害,受治疗效果降低30%，无法触发再移动和自身赋予的再行动（不可驱散）,false,false,false
断骨,有害,无法护卫，无法使用主动「绝学」,false,false,false
施咒,其他,其他友方在自身2格范围内发起对战，且优先攻击时，则为其施加「神睿」「御魔」状态，持续1回合（每回合只能触发1次）
「神睿」：物攻，法攻+20%
「御魔」：法防+30%,false,false,false
旋刃,其他,基于最近的敌方目标2格范围进行弹射，造成1次「固定伤害」（物攻的30%）。（优先未被弹射过且在弹射范围内距离最近的目标，弹射目标无法重复，若没有弹射目标，则立刻中断）,false,false,false
旖梦香,其他,伤害提升8%，达到3层时，绝学射程+1（上限3层）,false,false,false
无忧域,其他,免疫「晕眩」，且施术者自身反击射程+1（不可驱散）,false,false,false
无摧·天玑印,有益,免疫所有「有害状态」，获得来自施加者触发的天赋效果（不可复制，不可偷取，不可驱散）,false,false,false
无摧·封劲,有害,主动绝学射程-1（不可驱散）,false,false,false
无摧·封脉,有害,所有被动「绝学」失效（不可驱散）,false,false,false
无摧·幽寂,有害,携带的「有益状态」（仅限满足可驱散）无效（不可驱散）,false,false,false
无摧·无觉,有益,携带的「有害状态」（仅限满足可驱散的）无效。遭受3格内敌人的攻击后，将自身1个「有害状态」转移给攻击者。,false,false,false
无摧·迟缓III,有害,移动力-3，无法护卫（无法驱散）,false,false,false
无法反击,其他,无法反击类状态包含：「压制」「麻痹」「晕眩」「禁闭」,false,false,false
无瑕I,有益,遭受暴击-20%,true,false,false
无瑕II,有益,遭受暴击-25%,true,false,false
无觉,有益,携带的「有害状态」（仅限满足可驱散）无效。遭受3格内敌人的攻击后，将自身1个「有害状态」转移给攻击者。,true,false,false
既行,其他,无法被再次激活（不可驱散，下回合开始时移除）,false,false,false
昌明,其他,每层法攻提高5%，携带2层及以上时，免疫「封咒」状态且绝学射程+1（上限4层）,false,false,false
明光,其他,行动结束时，对2格范围内所有友方驱散1个「有害状态」，并恢复气血（恢复量为施术者法攻的0.5倍）。,false,false,false
星云,有益,遭受攻击时，敌方「对战前」每移动1格则伤害降低10%（最多降低30%，状态触发后消失，并使施加者获得2点「星屑」）,true,false,false
星屑,其他,愿我如星君如月，夜夜流光相皎洁。消耗「星屑」，以强化或开启「摇光破军界」（上限10点）。,false,false,false
星狩,其他,射程和绝学范围+2，无法移动，使用绝学后为2格范围气血最低的1个友方恢复气血（恢复量为施术者物攻的0.7倍）。,false,false,false
星蚀,其他,无法使用「星垂平野」,false,false,false
晕眩,有害,无法行动，且在对战中无法进行反击。,true,false,false
暖机,其他,暴击率提高10%，获得1个「有益状态」（携带3层主动攻击「对战后」消耗）。,false,false,false
暗引,其他,遭受攻击受到伤害后立刻恢复施加者和攻击者该次伤害数值30%的气血。,false,false,false
暗流,有益,主动攻击后，恢复自身气血（恢复量为施术者法攻的0.4倍）并将自身1个「有害状态」转移给白复归。,false,false,false
暗铠,有益,受到克制伤害降低20%，受到伤害后，40%概率对攻击者施加1个随机「有害状态」（受到伤害后消耗）,true,false,false
暴风眼,其他,伤害和暴击率+5%（最多叠加3层）本回合若释放过绝学，行动结束时对1圈内所有敌人造成0.15倍范围伤害（触发后移除1层）。,false,false,false
机巧·坚壳,其他,友方「阿秋」行动结束时拾取，恢复自身气血50%，获得「甲力」状态。
「甲力」：免伤提高50%（遭受1次攻击后消耗）,false,false,false
机巧·械躯,其他,友方「阿秋」行动结束时拾取，主动绝学冷却时间-1，若本回合未使用气力技，获得3气力。,false,false,false
机巧·独角,其他,友方「阿秋」行动结束时拾取，获得「蓄电」状态、「神睿I」状态，持续2回合。,false,false,false
杳影,其他,「对战中」闪避一次攻击，且只可使用「逐星破日」或普通攻击（触发后移除，无法驱散）,false,false,false
极乐,其他,全属性提升15%，敌方行动结束若处于自身3格范围内则被夺取1个「有益状态」，若为召唤物且气血值低于自身则被吞蚀（受到最大气血100%固定伤害）并恢复自身50%气血（「极乐」状态下，无法获得餍足」状态）,false,false,false
极意I,有益,伤害+10%,true,false,false
极意II,有益,伤害+20%,true,false,false
极意III,有益,伤害+25%,true,false,false
梦海,其他,自身气血大于等于80%，则遭受范围绝学伤害降低50%（不可驱散，触发后移除）,false,false,false
梵天,其他,免伤提高50%，免疫「有害状态」（不可驱散，「对战后」消失，状态消失时驱散2格内所有敌方2个「有益状态」）,false,false,false
梵天·贰,其他,免伤提高50%，免疫「有害状态」（「对战后」消失，状态消失时反转3格内所有敌方2个「有益状态」并降低2点气力）,false,false,false
止歌,其他,法术免伤+10%，代替2格内友方承受法术攻击（「对战后」消失）,false,false,false
武,其他,人言为信，止戈为武。,false,false,false
死灭印记,其他,受到治疗效果减少50%。行动结束时，遭受1次「固定伤害」（自身最大气血*8%+已损失气血*20%）（不可驱散）,false,false,false
残蛊,其他,对友方使用绝学后施加「逆阙」状态，持续1回合，触发后移除。
「逆阙」：被施加的治疗直接转变为治疗量的50%伤害,false,false,false
毫毛,其他,免伤、暴击伤害提升6%（最多叠加3层）,false,false,false
气劲,其他,回合结束时，如果携带4层「气劲」，则消耗所有「气劲」对自身2格范围内1个敌人施加「晕眩」状态，持续1回合。,false,false,false
污秽,有害,无法获得任何有益状态,true,false,false
汲血,其他,「对战后」恢复自身气血，恢复量为本次伤害的30%。,false,false,false
沐春风,其他,免疫所有「有害状态」，且行动结束时，位于施加者2格范围内，驱散2个「有害状态」，并恢复自身50%最大气血,false,false,false
沐春风,其他,免疫所有「有害状态」，且行动结束时，位于施加者3格范围内，驱散2个「有害状态」，并恢复自身50%最大气血,false,false,false
沐春风,其他,免疫所有「有害状态」，且行动结束时，位于施加者3格范围内，驱散2个「有害状态」，获得2个随机「有益状态」，并恢复自身50%最大气血,false,false,false
沐音,其他,法术免伤+20%，遭受法术攻击后恢复30％气血,false,false,false
法力,其他,每层法攻提升4%，携带3层及以上时，移动力+1（上限5层，不可驱散）,false,false,false
波旬降临,其他,射程+1，移动无视敌方角色阻挡，自身气血外全属性提高携带「链锁」状态的敌方基础属性的30%（最多不超过自身基础属性的50%），状态结束时移除自身施加的「链锁」状态。,false,false,false
注能,其他,物攻和免伤提高15%，免疫「固定伤害」，主动攻击「对战前」对目标造成一次「固定伤害」（目标最大气血的10%），消失后获得「温度冷却」，持续1回合（无法驱散）
「温度冷却」：无法获得「注能」状态（无法驱散）,false,false,false
活血,有益,物攻，物防额外+20%,true,false,false
流火,其他,物攻和暴击率+20%,false,false,false
流血,有害,行动结束时，遭受1次「固定伤害」（施加者物攻的30%）,true,false,false
浊尘,其他,2格内的敌人主动释放技能前，使其2个「有益状态」变为随机「有害状态」，获得或刷新「遁地」状态时该状态持续回合数刷新至2回合。,false,false,false
浑天,其他,用所有主动绝学攻击时都可触发「寒岚」「焚狱」和「玄幽」状态的攻击效果，使用主动绝学攻击后消耗「寒岚」「焚狱」「玄幽」状态。,false,false,false
涅槃,有益,「对战前」恢复自身气血（恢复量为施术者法攻*0.5）,true,false,false
清流,有益,受到来自敌方的主动攻击伤害后消失，驱散1个「有害状态]，并恢复气血（恢复量为施术者法攻的0.4倍），生效后立刻为2格范围内1个气血百分比最低的其他友方驱散1个「有害状态」，并恢复气血(恢复量为施术者法攻的0.4倍),true,false,false
激怒,其他,范围绝学范围提升1。,false,false,false
激怒,其他,除气血外全属性提升10%，移动力+1，攻击「殷千炀」触发其免死者死亡后移除。,false,false,false
激荡,其他,克制攻击加成额外提升20%,false,false,false
火佑,其他,炎属相免伤提升30%，遭受炎属相攻击后消失。,false,false,false
火源,其他,最多储存「梦种灯」最大气血的100%，行动结束时消化50%储存总量为3格内其他友方恢复气血（必定在2回合内消化储存总量）,false,false,false
灭击,有害,无法获得气力和「有益状态」,false,false,false
灭破空间,其他,自身2格范围内，友方主动发起对战，且优先攻击时，「对战中」伤害提高10%，若攻击者气血不满额外提升15%。（1回合限定发动2次）,false,false,false
灭道,其他,免伤提高20%，受到攻击时，自身无视「克制」伤害（不可驱散，遭受攻击后消耗）,false,false,false
灵元盾,其他,所有免伤+15%，遭受2次伤害后消失，状态消失或重置时为2格范围内友方角色驱散2个「有害状态」,false,false,false
灵动,其他,造成伤害提升24%,false,false,false
灵辉,其他,行动结束时，如果携带不少于7层「灵辉」，消耗7层「灵辉」，再激活自身十字7格内1名法攻/物攻最高已结束行动的其他友方。（间隔2回合触发）,false,false,false
灵风,有益,移动力+1，可跨越障碍，免疫「移动力降低」。,true,false,false
炎浴,其他,主动攻击「对战后」，恢复伤害数值50%的气血，驱散自身2个「有害状态」。,false,false,false
炎狱,其他,3格范围内所有敌方主动攻击「对战前」驱散其1个「有益状态」，并施加「燃烧」状态，持续2回合。,false,false,false
炎狱空间,其他,自身2格范围内，友方角色主动发起对战，且优先攻击时，「对战中」伤害提高10%，对雷属相敌人额外提升10%。（1回合限定发动2次）,false,false,false
炎狱空间·壹,其他,自身2格范围内，友方角色主动发起对战，且优先攻击时，「对战中」暴击率、伤害提高10%，对雷属相敌人额外提升10%。（1回合限定发动2次）,false,false,false
炎狱空间·贰,其他,自身2格范围内，友方角色主动发起对战，且优先攻击时，「对战中」暴击率、伤害提高10%，对雷属相敌人额外提升15%。（1回合限定发动3次）,false,false,false
炎铠,有益,被攻击「对战前」自身恢复20%气血，并对目标驱散1个「有益状态」（对战后消耗）,true,false,false
炼化,其他,死亡后变成1颗「紫金内丹」拾取金丹的单位回复100%气血并获得「内蕴」效果。
「内蕴」：全属性提升30%,false,false,false
焕焱烈阵,其他,自身2格范围内，若有友方主动发起对战，且优先攻击时，使其本次战斗中伤害提高15%，若目标携带「燃烧」状态，伤害额外提高15%（每回合发动3次）,false,false,false
焚炎,有益,受到来自敌方的主动攻击伤害后消失，恢复自身气血（恢复量为施术者0.5倍法攻）并对菱形2格敌人造成1次「固定伤害」（施术者法攻*0.4）,true,false,false
焚狱,其他,使用炎属相绝学攻击后驱散目标1个「有益状态」（使用炎属相绝学后移除）。,false,false,false
煌烨,其他,伤害提升15%，绝学范围+1（主动使用绝学攻击后移除）,false,false,false
煽动,其他,主动攻击「对战前」对自身2格范围内其他角色施加1个随机「有害状态」，并造成1次法术伤害（施术者法攻30%）（无法驱散）,false,false,false
熔铠,其他,遭受攻击「对战中」若目标携带「燃烧」状态，携带者免伤提升20%，且「对战后」有50%的几率对目标施加「晕眩」状态，持续1回合。（遭受攻击「对战后」移除）,false,false,false
燃烧,有害,行动结束时，损失12%最大气血的固定伤害。（上限2层）,true,false,false
燃焰,其它,无法获得再行动，护盾获得加成提高50%，行动结束时移除。,false,false,false
燕鸣,其他,物攻提高5%（上限2层）,false,false,false
燕鸣·壹,其他,物攻、物防提高5%（上限3层）,false,false,false
牵梦,其他,选择敌方作为目标时只能选中施加者，且与施加者对战时，伤害降低20%,false,false,false
狂乱,有益,物攻提高12%，伤害提高12%,true,false,false
狂意,其他,主动攻击发动「追击」（首击的0.4倍伤害）（主动攻击「对战后」移除）,false,false,false
狂魔,其他,范围绝学范围提升1，法攻增加10%,false,false,false
玄幽,其他,使用暗属相绝学攻击后对目标施加1个随机「有害状态」（使用暗属相绝学后移除）。,false,false,false
玄黄真壁,其他,遭受攻击受到伤害降低80%（遭受2次攻击后移除）,false,false,false
王者姿态,其他,反击伤害提高30%且反击射程+1，若攻击者为携带「战引」状态的敌方遭受攻击前获得护盾（最大气血的100%）。自身相邻1格开启「限制区域」：敌方移动力消耗+1。,false,false,false
现形,有害,「无法被选中」效果（「烟雾」地形除外）失效，遭受施加者攻击时「抵挡致命伤害」效果失效。遭受攻击后驱散自身2个「有益状态」。,false,false,false
瑞奏,其他,主动攻击造成暴击后，自身和施加者获得1点气力（暴击后消失）,false,false,false
生息,其他,免疫敌方造成的「传送」效果，「对战后」恢复气血（恢复量为施术者0.5倍法攻）并驱散1个「有害状态」。,false,false,false
电流,有害,遭受暴击率+20%,true,false,false
疫瘴,其他,携带者受到驱散「有害状态」的效果作用时，每层本状态防止1个「有害状态」（仅限满足可驱散）被驱散，并消耗对应层数（最多叠加3层，不可驱散）,false,false,false
疲弱I,有害,物攻，法攻-20%,true,false,false
疲弱II,有害,物攻，法攻-25%,true,false,false
百神礼盖,有益,「先祖庇佑」将以「百神礼盖」为中心张开且「先祖庇佑」范围内敌人无法获得「有益状态」。,false,false,false
盈尾,其他,盈盈佳人笑，百媚倾城欢（上限6层）,false,false,false
真法·无方幻界,其他,立即使气血低于50%的敌方所有不在冷却中的主动绝学获得1回合冷却。暗属相友方全属性+10%，且使用主动伤害或治疗绝学后，该绝学冷却时间-1。敌方每携带1个「有害状态」治疗和受治疗效果降低10%（最多降低30%）。,false,false,false
眩灭界,其他,法阵内敌方无法获得「有益状态」（不可驱散）,false,false,false
眩灭阵式,其他,友方落位时触发，对「眩灭界」内的阵眼外其他敌方造成1次固定伤害（最大气血的20%），且发生「眩灭界」内的「扰动」,false,false,false
眷,其他,识运知命，畴能罔眷。,false,false,false
瞬击,其他,近战攻击「对战前」对目标造成1次「固定伤害」（物攻的30%），并反转目标2个「有益状态」为「乱神II」和「断刺I」状态，持续2回合（不可驱散）
「乱神II」：伤害-20%
「断刺I」：暴击率-20%,false,false,false
破绽,其他,施加者处于「破绽」方向主动攻击「对战中」自身无法发动「抵挡致命伤害」效果，且「对战后」额外受到1次「固定伤害」（已损失气血的20%）。,false,false,false
破邪符,其他,自身不携带「有害状态」时，自身1格内的敌方角色无法被护卫（每层状态使作用范围扩大1格，最多叠加至2层（2格）,false,false,false
磐石,其他,免疫击退和拉拽，遭受攻击「对战中」免伤提高15%，且反击射程+1（不可驱散）,false,false,false
祛星,有益,主动攻击「对战后」，若目标存活，消耗状态，对目标及周围菱形2格敌人造成1次「固定伤害」（施术者法攻*0.5）,true,false,false
祝安,有益,行动结束时，恢复自身气血。（恢复量=施术者法攻*0.3）,true,false,false
神恩天泽,其他,法攻、暴击率提升6%（上限3层）,false,false,false
神意,其他,物攻物防提升9%（上限2层）,false,false,false
神护I,有益,物理免伤+10%,true,false,false
神护II,有益,物理免伤+20%,true,false,false
神护III,有益,物理免伤+25%,true,false,false
神睿I,有益,物攻、法攻+20%,true,false,false
神睿II,有益,物攻、法攻+25%,true,false,false
神算,其他,其他友方在自身2格范围内对友方目标使用非伤害绝学时，在绝学释放前对其所选目标的2格范围内所有友方驱散1个「有害状态」（每回合只能触发1次）,false,false,false
神行I,其他,移动力+1，使用伤害绝学造成暴击，该绝学冷却时间-1,false,false,false
神行II,其他,移动力+2，使用伤害绝学造成暴击，该绝学冷却时间-1,false,false,false
神行III,其他,移动力+3，使用伤害绝学造成暴击，该绝学冷却时间-1,false,false,false
禁咒烨域,其他,3格范围内敌方释放法术伤害绝学时法攻降低50%。(已入「[[状态/遮天蔽日|遮天蔽日]]」套餐),false,false,false
禁疗,有害,无法被治疗。,true,false,false
禁闭,其他,无法行动，且在对战中无法进行反击。行动结束时，对周围2格内所有友方施加1个随机「有害状态」（不可驱散，队友行动结束若处于自身1格范围移除）,false,false,false
福灵,其他,移动力+2，可跨越障碍，物攻的15%附加至物防、法防上,false,false,false
离场,其他,离场效果包含：「死亡」、「撤退」、「变身」等,false,false,false
离间,其他,无法获得「有益状态」，2格范围内每多1个其他友方，伤害降低10%（最多降低30%）（无法驱散）,false,false,false
移时,其他,最多储存自身最大气血的100%，「对战后」若自身未满血则恢复气血（储存总量的100%）（触发后消失）,false,false,false
移时·覆,其他,最多储存自身最大气血的100%，「对战后」若自身未满血则恢复自身3格范围内所有友方气血（储存总量的100%）（触发后消失）,false,false,false
空性,其他,物攻的15%附加至物防、法防上，自身3格范围内友方受到攻击后，对攻击者造成1次物理伤害（受击人数（上限5人）*（物攻的0.4倍）），并进入「报怒」状态，持续2回合（不可驱散）,false,false,false
笃守,其他,免伤+15%，自身相邻1格开启「限制区域」：敌方移动力消耗+1。,false,false,false
策厉,其他,法攻+15%，自身相邻1格开启「引导区域」：「侠客」「铁卫」职业的友方移动力消耗-1,false,false,false
精准,有益,物理，法术穿透+20%,false,false,false
结党,其他,免疫「有害状态」，遭受攻击时，2格范围内每多1个其他友方时，伤害和免伤提高10%(最多提高30%)（无法驱散）,false,false,false
绝心,其他,每层「绝心」状态，全属性提高4% （不可驱散）。若达到5层，则转化为「执戮」状态。,false,false,false
缀甲,其他,代替2格内友方承受攻击。,false,false,false
缀甲,其他,代替2格内友方承受攻击，遭受攻击「对战前」恢复自身25%气血，驱散1个「有害状态」（每回合触发1次）,false,false,false
罔效I,有害,受治疗效果降低20%,true,false,false
罡震,其他,遭受攻击「对战前」对自身1圈内所有敌人造成1次「固定伤害」（物防的100%），并对攻击目标施加「封劲」状态，持续1回合。
「封劲」：主动绝学射程-1,false,false,false
羽敕,其他,当敌方行动结束时，如果在警戒范围内，则立刻受到施术者0.7倍物攻的物理伤害，并发生1圈内「扰动」效果（累积触发3次后消失，每触发1次降低「垂翎庇世」1回合冷却）,false,false,false
羽敕·亢,其他,当敌方行动结束时，如果在警戒范围内，则立刻受到施术者1倍物攻的物理伤害，并发生2格内「扰动」效果，施加「电流」状态，持续2回合（累积触发3次后消失每触发1次降低「垂翎庇世」1回合冷却）
「电流」：遭受暴击率+20%,false,false,false
芬芳I,有益,治疗效果提高20%,true,false,false
芬芳II,有益,治疗效果提高30%,true,false,false
花火,其他,「花火」：每层提高3%/4%/5%/6%法攻。主动释放绝学后，减少一层「花火」。行动结束时，如果未释放绝学，增加一层「花火」。每当有敌方角色死亡后，刷新至最大层数。（上限4层）,false,false,false
苦咒,其他,法术穿透提高20%，造成伤害后，对目标施加1个随机「有害状态」（不可驱散）,false,false,false
蓄劲,其他,暴击率提升20%（可叠加，主动攻击触发暴击后移除）,false,false,false
蓄电,有益,暴击率+30%（暴击后消耗）,true,false,false
藏元,其他,遭受暴击率-100%,false,false,false
虚弱,其他,无法使用主动绝学,false,false,false
虚损I,有害,物理免伤-10%,true,false,false
虚损II,有害,物理免伤-20%,true,false,false
虚损III,有害,物理免伤-25%,true,false,false
虚梦之境,其他,敌方无法触发再移动和自身赋予的再行动，且使用伤害绝学后若处于范围内，获得「幻梦」状态，持续1回合。
「幻梦」：无法行动，且在对战中无法进行反击（其他友方使用主动绝学后若处于自身2格范围内，移除该状态）,false,false,false
蚀御I,有害,物防-20%,true,false,false
蚀御II,有害,物防-25%,true,false,false
蚀魔I,有害,法防-30%,true,false,false
蚀魔II,有害,法防-35%,true,false,false
蛇毒,其他,行动结束时，损失20%气血,true,false,false
蜕皮,其他,全属性提高5%（上限4层）,false,false,false
血咒,其他,伤害和免伤提高20%，「对战后」恢复伤害数值50%的气血。行动结束时，损失自身当前气血25%。,false,false,false
血噬,其他,行动结束时，对2格范围其他友方施加「血魂」状态，持续2回合。胧夜遭受攻击后未死亡则对其造成损失气血同等伤害（无法免疫）,false,false,false
血契,其他,胧夜遭受攻击后未死亡则对其造成损失气血同等伤害（无法免疫，不可驱散）,false,false,false
血魂,其他,胧夜主动攻击「对战前」对所有携带「血魂」状态的敌方造成1次法术伤害（施术者法攻的40%）,false,false,false
血魂之系,其他,回合开始时，损失自身15%当前气血，攻击「殷千炀」触发其免死者死亡后移除。,false,false,false
血龙壁,其他,无法使用主动绝学，受治疗效果降低50%，无法发动「抵挡致命伤害」的效果。,false,false,false
裂伤,有害,受治疗效果-10%；行动结束时，遭受1次「固定伤害」（施加者物防+法防的20%）。（可驱散、最多共存4个）,true,false,false
裂网,有害,受治疗效果、护盾获得加成降低30%，护盾破碎时对2格范围内所有友方施加2层「冰霜」状态，持续2回合（不可驱散）,false,false,false
觉破,其他,暴击率、暴击伤害提高10%。无需处于「破绽」方向即可触发效果。若处于「破绽」方向主动攻击「对战中」暴击率、暴击伤害额外提高10%。,false,false,false
觉醒之力,其他,累积6层将激活「圣枪之力」状态，持续2回合,false,false,false
警觉,其他,护盾获得加成+50%，暴击率+15%，移动力+1（上限2层）,false,false,false
讹心,其他,若携带者行动结束时的「有益状态」大于2个，则携带者至少保留2个「有益状态」并将其余「有益状态」转移至施加者（最多转移6个），且施加者获得1层「心念」状态。,false,false,false
论道,其他,携带者主动使用绝学后，恢复施加者30%气血并使其获得1个随机「有益状态」。,false,false,false
识破,其他,若攻击前移动距离大于1格，则伤害、暴击率降低20%。,false,false,false
调和,其他,伤害大幅降低，减免绝大部分伤害，免疫「固定伤害」，下回合开始时移除。,false,false,false
豪侠,其他,「对战中」伤害提高15%，遭受近战攻击「对战前」发动「先攻」（每回合发动1次）（不可驱散）,false,false,false
贮酿,其他,最多储存自身最大气血的50%，行动结束时，自身受到1次伤害（储存总量的50%）（不可驱散，不可免疫，必定在2回合内消化储存总量）,false,false,false
起势,有益,移动力+1，可跨越障碍,true,false,false
超载,其他,法攻、物理免伤+20%，主动攻击造成伤害时，50%概率施加「禁闭」状态，持续1回合。（不可驱散，无法获得「魂魄之力」）
「禁闭」：无法释放技能和移动，行动结束时，对周围2格内所有友方施加1个随机「有害状态」（不可驱散，队友行动结束若处于其1格范围移除）,false,false,false
蹈火,其他,伤害提升10%，自身在友方「真炎」地形上移动时不消耗移动力。,false,false,false
转厄生天,其他,受到法术伤害降低25%，遭受法术攻击时，使1个有害状态变为随机「有益状态」（不可驱散，遭受法术攻击后移除）,false,false,false
辟厄,有益,免疫「封脉」,true,false,false
辟攻,有益,免疫物攻、法攻降低,true,false,false
辟秽,有益,免疫「污秽」,true,false,false
辟防,有益,免疫物防、法防降低,true,false,false
辟险,有益,免疫敌方造成的位移效果（位移效果包含：「击退」「拉拽」）,true,false,false
达摩,其他,遭受「固定伤害」提升30%，遭受攻击「对战后」额外受到1次「固定伤害」（施术者法攻的30%）,false,false,false
达摩·壹,其他,遭受「固定伤害」提升50%，遭受攻击「对战后」额外受到1次「固定伤害」（施术者法攻的30%）,false,false,false
迅捷I,有益,移动力+1,true,false,false
迅捷II,有益,移动力+2,true,false,false
迅捷III,有益,移动力+3,true,false,false
迅目I,有益,会心+30%,true,false,false
迅目II,有益,会心+40%,true,false,false
过量治疗,其他,使用治疗绝学时，治疗量超出了受治疗者的生命恢复上限,false,false,false
连潮,其他,下一次普攻必定发动连击（0.3倍伤害，主动普攻后移除）。,false,false,false
连潮·贰,其他,下一次普攻必定发动连击（0.3倍伤害，主动普攻后移除），若攻击前目标处于友方「霜冻」地形上，连击倍率提高0.2倍，且战后随机1个绝学冷却-1。,false,false,false
迟缓I,有害,移动力-1，无法护卫,true,false,false
迟缓II,有害,移动力-2，无法护卫,true,false,false
迟缓III,有害,移动力-3，无法护卫,true,false,false
迷心,有害,行动结束对自身以及周围1圈友方造成「固定伤害」（目标最大气血*25%）（不可驱散）,false,false,false
迷心II,有害,行动结束对自身以及周围1圈友方造成「固定伤害」（目标最大气血*25%）与方芸「对战中」除气血外全属性降低20%（不可驱散）,false,false,false
追命,有害,无法使用主动「绝学」，与青「对战中」除气血外全属性降低20%，死亡后随机传递给3格范围1名其他友方（死亡传递只触发1次）。,false,false,false
送清明,其他,自身2格范围内，友方主动发起对战，且优先攻击时，则在「对战前」为其施加「命蕴」效果，持续2回合（每回合只能触发2次）[若协攻对象为聂小倩，则「对战前」为其施加「极意II」「神护II」效果，持续1回合，且聂小倩所有主动绝学冷却时间减少1回合],false,false,false
逆阙,有害,被施加的治疗直接转变为治疗量的50%伤害,true,false,false
速行,有益,直线移动时移动力+1,true,false,false
遁地,其他,移动力和绝学范围+1，不可被敌方选中，受到的物理伤害减少60%。主动攻击进入对战提前结束「遁地」状态。,false,false,false
遏心,其他,移除「空性」和「报怒」状态，存在时无法获得「报怒」和「空性」状态，自身无法移动，无法攻击，无法反击（不可驱散，每场战斗仅触发1次）,false,false,false
遮天蔽日,其他,免疫「封脉」「晕眩」「禁闭」「位移」「传送」「封 劲」「封缄」「颤栗」「魅惑」「嘲讽」「疫瘴」「逆阙」「麻痹」「断骨」「异心」「怵惕」「移动限制」「 气血交换」「冷却增加/无法减少」「禁止再移动/再行动」「主动「绝学」禁用」效果且减免大部分「百分比伤害」无视「烟雾」地形、「 禁咒烨域」效果,false,false,false
酒,其他,受治疗效果增加10%。携带2层时，主动使用绝学或普攻前驱散自身1个「有害状态」并恢复气血（恢复量为施术者法攻的0.5倍）（触发后消耗）。,false,false,false
酒困,其他,伤害-30%，免伤和治疗效果+30%，无法食用「美味的紫霜云芝」,false,false,false
酷吏,有益,物攻+4%，物穿+2%（上限4层，不可驱散）,false,false,false
酷吏II,有益,物攻、物穿+4%，大于等于4层时绝学射程+1，获得6层时随机伤害绝学冷却时间-2（上限6层）,false,false,false
醉仙望月步,其他,移动力+1，可跨越障碍，主动普攻触发「连击」，造成0.4倍伤害,false,false,false
醒神,有益,免疫「绝学冷却增加」的效果（不可驱散）,false,false,false
重击·崩山,其他,暴击率提升20%，发动「追击」（首击的0.3倍伤害）,false,false,false
重击·散魂,其他,对选取的目标施加「逆阙」状态，持续1回合，对其2格范围内所有敌方造成1次物理伤害（0.2倍物攻）。
「逆阙」：被施加的治疗直接转变为治疗量的50%伤害,false,false,false
重击·神威,其他,伤害提高20%，造成伤害后施加「电流」状态，持续2回合。
「电流」：遭受暴击率+20%,false,false,false
金身,其他,物理免伤提高20%，代替2格内友方承受物理攻击（「对战后」消失）,false,false,false
链锁,其他,只可朝施加者移动，行动结束时若处于施加者3格外则将「链锁」替换为「禁闭」，持续1回合。,false,false,false
锢步,有害,无法触发再移动和自身赋予的再行动,true,false,false
镜朦胧,其他,气血以外的全属性提高6%（上限4层）,false,false,false
闪避,其他,躲闪对战中的1次攻击（不可驱散，触发后消失）,false,false,false
阎天护铠,其他,免伤提高80%，状态消失时，对周围2圈内所有敌人造成0.3倍范围伤害（持续1回合，受到伤害后消失）,false,false,false
阎天护铠·壹,其他,免伤提高80%，状态消失时，对周围2圈内所有敌人造成0.5倍范围伤害（持续1回合，受到伤害后消失）,false,false,false
阎天护铠·贰,其他,免伤、暴击抗性提高80%，状态消失时，对周围2圈内所有敌人造成0.5倍范围伤害，恢复自身100%气血（持续1回合，受到伤害后消失）,false,false,false
阎天魔能,其他,状态消失或重置时，对周围2圈内所有敌人造成0.3倍范围伤害,false,false,false
防卫,其他,免伤提高20%，代替2格内友方承受攻击（「对战后」消失）,false,false,false
阳,其他,只可朝携带「阴」状态的敌方角色移动。遭受「四象明月」或携带「阴」状态敌方攻击后，扩散自身2个「有害状态」给2格范围的其他友方。,false,false,false
阴,其他,遭受携带「阳」状态的敌方攻击后恢复自身和「四象明月」已损失50%气血并复制自身2个「有益状态」给「四象明月」。,false,false,false
降伏,有害,无法使用主动「绝学」，所有被动「绝学」失效,false,false,false
降曜,其他,无法再通过「浑天推星·贰式」展开结界「无方幻界」。,false,false,false
降灵,有益,若自身气血100%，「先祖庇佑」范围内的其他友方无法被敌人选中。,false,false,false
降疗I,有害,治疗效果降低20%,true,false,false
障眼I,有害,会心-30%,true,false,false
障眼II,有害,会心-35%,true,false,false
雷劫,其他,行动结束时，如果自身菱形2格内有其它友方单位，则将「雷劫」替换为「晕眩」，持续1回合。,false,false,false
雷场,其他,遭受暴击概率+20%,false,false,false
雷电空间,其他,自身2格范围内，友方角色主动发起对战时，「对战中」伤害提高10%，对冰属相敌人额外提升10%。（1回合限定发动2次）,false,false,false
雷电空间,其他,自身2格范围内，友方角色主动发起对战时，「对战中」伤害、暴击率提高10%，对冰属相敌人额外提升10%。（1回合限定发动3次）,false,false,false
雷电空间,其他,自身2格范围内，友方角色主动发起对战时，「对战中」伤害、暴击率提高10%，对冰属相敌人额外提升15%。（1回合限定发动3次）,false,false,false
雷铠,有益,遭受暴击伤害降低20%（受到暴击后消耗）,true,false,false
霜冻,其他,移动力-1,false,false,false
霜铠,有益,主动攻击「对战中」遭受伤害降低30%。（主动攻击「对战中」受到伤害后消耗）,true,false,false
韶光灵元盾,其他,每层法防和免伤提高15%，遭受攻击受到伤害后减少1层，并为3格范围内友方角色驱散1个「有害状态」（上限3层）,false,false,false
颂祝,其他,受治疗效果提升30%，且行动结束时，驱散自身2格范围内所有友方1个「有害状态」（不可驱散））,false,false,false
颤栗,有害,无法选中施加者，状态消失时替换为「虚损I」，持续1回合,true,false,false
飞灰,其他,2格内的敌人，若不携带「有益状态」则暴击率和治疗效果降低20%，主动释放技能前，使其2个「有益状态」变为随机「有害状态」，获得或刷新「遁地」状态时该状态持续回合数刷新至2回合。,false,false,false
飞羽,其他,攻击射程+1，主动攻击「对战后」获得再移动（2格）（不可驱散）,false,false,false
餍足,其他,获得时立刻恢复15%气血,false,false,false
魁兽,其他,3格范围内每有1个敌方单位，双防提升10%（最高30%）,false,false,false
魂创,其他,物攻-5%（最多叠加3层，不可免疫）,false,false,false
魂魄之力,其他,法术穿透+3%，使用绝学后恢复自身气血（恢复量为施术者法攻的0.2倍）（上限5层，不可驱散）,false,false,false
魅惑,其他,受到暴击概率+30%，无法选中施加者,false,false,false
魉生,其他,法攻+4%/5%/6%/7%、免伤+1%/2%/3%/4%，（上限5层，若本回合未主动攻击或释放绝学，行动结束时，减少1层）,false,false,false
鲛力,其他,射程+1，免伤提高20%，遭受暴击率降低20%，天赋造成的追加伤害倍率提高0.2倍,false,false,false
鹿王,其他,不可被敌方选中，3格范围内敌方无法获得气力且主动远程攻击「对战中」伤害和暴击率降低20%（不可驱散）,false,false,false
麻痹,有害,无法进行反击,true,false,false
齐天,其他,暴击率、追击伤害提升30%，造成伤害后恢复自身气血，恢复量为本次伤害的30%（「齐天」状态下，无法获得「斗战」状态）,false,false,false
龙骧,其他,遭受近战攻击「对战前」自身恢复20%气血，且「对战中」发动「先攻」（触发后消耗，触发时若处于己方「真炎」地形额外恢复20%气血，不可驱散）,false,false,false